<keymap version="1" name="Eclipse copy" parent="Eclipse">
  <action id="Arrangement.Rule.Edit" />
  <action id="ChangesView.ShelveSilently" />
  <action id="CloseActiveTab" />
  <action id="CloseContent">
    <keyboard-shortcut first-keystroke="ctrl w" />
  </action>
  <action id="FindInPath" />
  <action id="MethodHierarchy" />
  <action id="MethodHierarchy.BaseOnThisMethod" />
  <action id="QuickJavaDoc">
    <mouse-shortcut keystroke="alt button2" />
    <keyboard-shortcut first-keystroke="shift ctrl space" />
  </action>
  <action id="RenameElement">
    <keyboard-shortcut first-keystroke="f2" />
  </action>
  <action id="ReplaceInPath">
    <keyboard-shortcut first-keystroke="shift ctrl h" />
  </action>
  <action id="Vcs.Log.ShowTooltip">
    <mouse-shortcut keystroke="alt button2" />
    <keyboard-shortcut first-keystroke="shift ctrl space" />
  </action>
  <action id="XDebugger.EditWatch" />
  <action id="XDebugger.SetValue" />
</keymap>