<code_scheme name="Default" version="173">
  <JSCodeStyleSettings version="0">
    <option name="FORCE_SEMICOLON_STYLE" value="true" />
    <option name="SPACE_BEFORE_FUNCTION_LEFT_PARENTH" value="false" />
    <option name="REFORMAT_C_STYLE_COMMENTS" value="true" />
    <option name="USE_DOUBLE_QUOTES" value="false" />
    <option name="FORCE_QUOTE_STYlE" value="true" />
    <option name="VAR_DECLARATION_WRAP" value="2" />
    <option name="OBJECT_LITERAL_WRAP" value="0" />
    <option name="IMPORTS_WRAP" value="0" />
    <option name="SPACES_WITHIN_OBJECT_LITERAL_BRACES" value="true" />
    <option name="SPACES_WITHIN_IMPORTS" value="true" />
    <option name="CHAINED_CALL_DOT_ON_NEW_LINE" value="false" />
    <option name="SPACE_BEFORE_ASYNC_ARROW_LPAREN" value="false" />
    <option name="SPACES_WITHIN_INTERPOLATION_EXPRESSIONS" value="true" />
  </JSCodeStyleSettings>
  <codeStyleSettings language="JavaScript">
    <option name="BLANK_LINES_AFTER_IMPORTS" value="2" />
    <option name="BRACE_STYLE" value="5" />
    <option name="ALIGN_MULTILINE_CHAINED_METHODS" value="true" />
    <option name="ALIGN_MULTILINE_PARAMETERS" value="false" />
    <option name="ALIGN_MULTILINE_FOR" value="false" />
    <option name="ALIGN_MULTILINE_EXTENDS_LIST" value="true" />
    <option name="SPACE_WITHIN_PARENTHESES" value="true" />
    <option name="SPACE_WITHIN_METHOD_PARENTHESES" value="true" />
    <option name="SPACE_WITHIN_IF_PARENTHESES" value="true" />
    <option name="SPACE_WITHIN_WHILE_PARENTHESES" value="true" />
    <option name="SPACE_WITHIN_FOR_PARENTHESES" value="true" />
    <option name="SPACE_WITHIN_CATCH_PARENTHESES" value="true" />
    <option name="SPACE_WITHIN_SWITCH_PARENTHESES" value="true" />
    <option name="EXTENDS_LIST_WRAP" value="2" />
    <option name="IF_BRACE_FORCE" value="3" />
    <option name="FOR_BRACE_FORCE" value="3" />
  </codeStyleSettings>
</code_scheme>